#ignore rows that start with a '#',,,,,,
,,,,,,
"#Item format: ""modname:item_name:metadata {nbt_data}"" metadata and {nbt_data} are optional. Can also use crafttweaker formatting (eg. ""<modname:item_name:metadata>.withTag{nbt_data}"")",,,,,,
"#Fluid format: ""fluid:fluid_name"" where fluid is literal. Can also use crafttweaker formatting",,,,,,
,,,,,,
"#Other configurations found within adminshop.cfg, such as selling price of Forge Energy",,,,,,
#See the examples below with the default shop,,,,,,
,,,,,,
#Category names for buy and sell. Put the category name in each column after the first,,,,,,
Buy Category Names:,Spring,Summer,Fall,Winter,Metals,Colony
Sell Category Names:,Produce,Refined,Meats,Meals,,
,,,,,,
,,,,,,
"#buy or sell 
(from player's perspective)",Item/Fluid,Price,Category Index (starting from 0),,,
buy,minecraft:potato,20,0,,,
buy,minecraft:carrot,10,0,,,
buy,harvestcraft:cauliflowerseeditem,10,0,,,
buy,harvestcraft:coffeeseeditem,20,0,,,
buy,harvestcraft:garlicseeditem,10,0,,,
buy,harvestcraft:beanseeditem,20,0,,,
buy,harvestcraft:rhubarbseeditem,10,0,,,
buy,harvestcraft:strawberryseeditem,10,0,,,
buy,harvestcraft:oatsseeditem,20,0,,,
buy,harvestcraft:celeryseeditem,10,0,,,
buy,harvestcraft:peasseeditem,30,0,,,
buy,harvestcraft:broccoliseeditem,10,0,,,
buy,harvestcraft:cabbageseeditem,10,0,,,
buy,harvestcraft:spinachseeditem,20,0,,,
buy,harvestcraft:zucchiniseeditem,10,0,,,
buy,harvestcraft:teaseeditem,30,0,,,
buy,harvestcraft:sweetpotatoseeditem,30,0,,,
buy,harvestcraft:turnipseeditem,10,0,,,
buy,harvestcraft:leekseeditem,10,0,,,
buy,harvestcraft:brusselsproutseeditem,10,0,,,
buy,harvestcraft:asparagusseeditem,10,0,,,
buy,harvestcraft:barleyseeditem,20,0,,,
buy,harvestcraft:onionseeditem,30,0,,,
buy,harvestcraft:parsnipseeditem,10,0,,,
buy,harvestcraft:scallionseeditem,10,0,,,
buy,harvestcraft:kaleseeditem,10,0,,,
buy,<immersiveengineering:seed>,10,0,,,
buy,extratrees:hops,20,0,,,
buy,<terraqueous:sapling:6>,250,0,,,
buy,<terraqueous:sapling:7>,250,0,,,
buy,<terraqueous:sapling:8>,350,0,,,
buy,<terraqueous:sapling:9>,350,0,,,
buy,harvestcraft:date_sapling,45,0,,,
buy,harvestcraft:papaya_sapling,50,0,,,
buy,harvestcraft:passionfruit_sapling,80,0,,,
buy,harvestcraft:plum_sapling,65,0,,,
buy,harvestcraft:avocado_sapling,80,0,,,
buy,harvestcraft:hazelnut_sapling,65,0,,,
buy,harvestcraft:peppercorn_sapling,64,0,,,
buy,harvestcraft:gooseberry_sapling,64,0,,,
buy,harvestcraft:apricot_sapling,50,0,,,
buy,harvestcraft:guava_sapling,65,0,,,
buy,harvestcraft:durian_sapling,65,0,,,
buy,harvestcraft:tamarind_sapling,50,0,,,
buy,harvestcraft:cinnamon_sapling,65,0,,,
buy,harvestcraft:maple_sapling,50,0,,,
,,,,,,
buy,minecraft:melon_seeds,10,1,,,
buy,minecraft:wheat_seeds,20,1,,,
buy,minecraft:reeds,10,1,,,
buy,<minecraft:dye:3>,10,1,,,
buy,minecraft:cactus,10,1,,,
buy,minecraft:nether_wart,35,1,,,
buy,minecraft:red_mushroom,30,1,,,
buy,minecraft:brown_mushroom,30,1,,,
buy,<harvestcraft:cornseeditem>,20,1,,,
buy,<rustic:chili_pepper_seeds>,10,1,,,
buy,<harvestcraft:radishseeditem>,10,1,,,
buy,<rustic:tomato_seeds>,10,1,,,
buy,<harvestcraft:greengrapeseeditem>,20,1,,,
buy,<rustic:grape_stem>,10,1,,,
buy,<harvestcraft:peasseeditem>,30,1,,,
buy,<natura:overworld_seeds:1>,10,1,,,
buy,<harvestcraft:teaseeditem>,30,1,,,
buy,harvestcraft:sweetpotatoseeditem,30,1,,,
buy,harvestcraft:spiceleafseeditem,10,1,,,
buy,harvestcraft:riceseeditem,10,1,,,
buy,harvestcraft:seaweedseeditem,10,1,,,
buy,harvestcraft:waterchestnutseeditem,10,1,,,
buy,harvestcraft:okraseeditem,10,1,,,
buy,harvestcraft:pineappleseeditem,10,1,,,
buy,harvestcraft:kiwiseeditem,10,1,,,
buy,harvestcraft:sesameseedsseeditem,10,1,,,
buy,harvestcraft:curryleafseeditem,10,1,,,
buy,harvestcraft:cantaloupeseeditem,10,1,,,
buy,harvestcraft:gingerseeditem,20,1,,,
buy,harvestcraft:soybeanseeditem,10,1,,,
buy,<natura:overworld_seeds>,10,1,,,
buy,harvestcraft:cucumberseeditem,10,1,,,
buy,harvestcraft:mustardseeditem,10,1,,,
buy,harvestcraft:onionseeditem,30,1,,,
buy,harvestcraft:peanutseeditem,10,1,,,
buy,harvestcraft:bellpepperseeditem,10,1,,,
buy,harvestcraft:lettuceseeditem,10,1,,,
buy,harvestcraft:candleberryseeditem,10,1,,,
buy,<harvestcraft:juteseeditem>,10,1,,,
buy,<terraqueous:sapling>,250,1,,,
buy,<terraqueous:sapling:1>,250,1,,,
buy,<terraqueous:sapling:4>,150,1,,,
buy,<terraqueous:sapling:5>,150,1,,,
buy,<terraqueous:sapling:8>,350,1,,,
buy,<terraqueous:sapling:9>,350,1,,,
buy,<natura:overworld_berrybush_blueberry>,10,1,,,
buy,<natura:overworld_berrybush_raspberry>,10,1,,,
buy,<harvestcraft:papaya_sapling>,80,1,,,
buy,<harvestcraft:fig_sapling>,65,1,,,
buy,<harvestcraft:soursop_sapling>,50,1,,,
buy,<harvestcraft:dragonfruit_sapling>,50,1,,,
buy,<harvestcraft:rambutan_sapling>,65,1,,,
buy,<harvestcraft:jackfruit_sapling>,65,1,,,
buy,<harvestcraft:passionfruit_sapling>,80,1,,,
buy,<harvestcraft:grapefruit_sapling>,65,1,,,
buy,<harvestcraft:starfruit_sapling>,65,1,,,
buy,<harvestcraft:avocado_sapling>,80,1,,,
buy,<harvestcraft:pistachio_sapling>,80,1,,,
buy,<harvestcraft:hazelnut_sapling>,65,1,,,
buy,<harvestcraft:peppercorn_sapling>,65,1,,,
buy,<harvestcraft:almond_sapling>,65,1,,,
buy,<harvestcraft:pawpaw_sapling>,65,1,,,
buy,<harvestcraft:lychee_sapling>,65,1,,,
buy,<harvestcraft:breadfruit_sapling>,65,1,,,
buy,<harvestcraft:durian_sapling>,65,1,,,
buy,<harvestcraft:cinnamon_sapling>,65,1,,,
,,,,,,
buy,minecraft:carrot,20,2,,,
buy,minecraft:pumpkin_seeds,10,2,,,
buy,minecraft:wheat_seeds,20,2,,,
buy,minecraft:beetroot_seeds,10,2,,,
buy,minecraft:nether_wart,35,2,,,
buy,minecraft:red_mushroom,30,2,,,
buy,minecraft:brown_mushroom,30,2,,,
buy,harvestcraft:cornseeditem,10,2,,,
buy,harvestcraft:artichokeseeditem,10,2,,,
buy,harvestcraft:beetseeditem,10,2,,,
buy,harvestcraft:cranberryseeditem,10,2,,,
buy,harvestcraft:eggplantseeditem,10,2,,,
buy,<harvestcraft:greengrapeseeditem>,20,1,,,
buy,harvestcraft:whitemushroomseeditem,10,2,,,
buy,<natura:overworld_berrybush_blackberry>,10,2,,,
buy,harvestcraft:oatsseeditem,20,2,,,
buy,harvestcraft:ryeseeditem,10,2,,,
buy,harvestcraft:peasseeditem,30,2,,,
buy,harvestcraft:spinachseeditem,20,2,,,
buy,harvestcraft:teaseeditem,30,2,,,
buy,harvestcraft:sweetpotatoseeditem,30,2,,,
buy,harvestcraft:gingerseeditem,20,2,,,
buy,harvestcraft:wintersquashseeditem,10,2,,,
buy,harvestcraft:onionseeditem,30,2,,,
buy,harvestcraft:rutabagaseeditem,10,2,,,
buy,natura:overworld_berrybush_blackberry,10,2,,,
buy,<natura:overworld_berrybush_maloberry>,10,2,,,
buy,<harvestcraft:bambooshootseeditem>,10,2,,,
buy,<harvestcraft:flaxseeditem>,10,2,,,
buy,<terraqueous:sapling>,250,2,,,
buy,<terraqueous:sapling:1>,250,2,,,
buy,<terraqueous:sapling:2>,150,2,,,
buy,<terraqueous:sapling:3>,150,2,,,
buy,<terraqueous:sapling:8>,350,2,,,
buy,<terraqueous:sapling:9>,350,2,,,
buy,<rustic:sapling>,150,2,,,
buy,<harvestcraft:pomegranate_sapling>,65,2,,,
buy,<harvestcraft:cashew_sapling>,65,2,,,
buy,<harvestcraft:vanillabean_sapling>,65,2,,,
buy,<harvestcraft:pecan_sapling>,50,2,,,
buy,<harvestcraft:pistachio_sapling>,80,2,,,
buy,<harvestcraft:walnut_sapling>,50,2,,,
buy,<harvestcraft:persimmon_sapling>,65,2,,,
buy,<harvestcraft:nutmeg_sapling>,65,2,,,
buy,<harvestcraft:papaya_sapling>,80,2,,,
buy,<harvestcraft:fig_sapling>,65,2,,,
buy,<harvestcraft:jackfruit_sapling>,65,2,,,
buy,<harvestcraft:passionfruit_sapling>,80,2,,,
buy,<harvestcraft:grapefruit_sapling>,65,2,,,
buy,<harvestcraft:starfruit_sapling>,65,2,,,
buy,<harvestcraft:avocado_sapling>,80,2,,,
buy,<harvestcraft:pistachio_sapling>,80,2,,,
buy,<harvestcraft:almond_sapling>,65,2,,,
buy,<harvestcraft:pawpaw_sapling>,65,2,,,
buy,<harvestcraft:lychee_sapling>,65,2,,,
buy,<harvestcraft:breadfruit_sapling>,65,2,,,
,,,,,,
buy,minecraft:nether_wart,35,3,,,
buy,minecraft:red_mushroom,30,3,,,
buy,minecraft:brown_mushroom,30,3,,,
buy,extratrees:hops,20,3,,,
buy,<harvestcraft:rambutan_sapling>,65,3,,,
buy,<harvestcraft:pomegranate_sapling>,65,3,,,
buy,<harvestcraft:cashew_sapling>,65,3,,,
buy,<harvestcraft:vanillabean_sapling>,65,3,,,
buy,<harvestcraft:pistachio_sapling>,80,3,,,
buy,<harvestcraft:chestnut_sapling>,50,3,,,
buy,<harvestcraft:persimmon_sapling>,65,3,,,
buy,<harvestcraft:guava_sapling>,65,3,,,
buy,<harvestcraft:nutmeg_sapling>,65,3,,,
,,,,,,
buy,<minecraft:iron_ingot>,25,4,,,
buy,<minecraft:gold_ingot>,60,4,,,
buy,<immersiveengineering:metal>,20,4,,,
buy,<forestry:ingot_tin>,20,4,,,
buy,<immersiveengineering:metal:1>,30,4,,,
buy,<immersiveengineering:metal:2>,20,4,,,
buy,<immersiveengineering:metal:3>,50,4,,,
buy,<immersiveengineering:metal:4>,30,4,,,
buy,<immersiveengineering:metal:5>,50,4,,,
,,,,,,
,,,,,,
###,,,,,,
,,,,,,
#Produce,,,,,,
sell,minecraft:melon,0.2,0,,,
sell,ore:cropAgave,0.2,0,,,
sell,ore:cropAlmond,1,0,,,
sell,ore:cropAmaranth,0.2,0,,,
sell,ore:cropApricot,1,0,,,
sell,ore:cropArrowroot,0.2,0,,,
sell,ore:cropArtichoke,0.2,0,,,
sell,ore:cropAsparagus,0.2,0,,,
sell,ore:cropAvocado,1,0,,,
sell,ore:cropBambooshoot,0.2,0,,,
sell,ore:cropBanana,0.5,0,,,
sell,ore:cropBarley,0.2,0,,,
sell,ore:cropBean,0.2,0,,,
sell,ore:cropBeet,0.2,0,,,
sell,ore:cropBellpepper,0.2,0,,,
sell,ore:cropBlackberry,0.2,0,,,
sell,ore:cropBlueberry,0.5,0,,,
sell,<harvestcraft:breadfruititem>,1,0,,,
sell,ore:cropBroccoli,0.2,0,,,
sell,ore:cropBrusselsprout,0.2,0,,,
sell,ore:cropCabbage,0.2,0,,,
sell,ore:cropCactusfruit,0.2,0,,,
sell,ore:cropCandleberry,0.2,0,,,
sell,ore:cropCantaloupe,0.2,0,,,
sell,ore:cropCashew,1,0,,,
sell,ore:cropCassava,0.2,0,,,
sell,ore:cropCauliflower,0.2,0,,,
sell,ore:cropCelery,0.2,0,,,
sell,ore:cropCherry,1,0,,,
sell,ore:cropChestnut,1,0,,,
sell,ore:cropChickpea,0.2,0,,,
sell,ore:cropChilipepper,0.5,0,,,
sell,ore:cropCinnamon,1,0,,,
sell,ore:cropCoconut,0.5,0,,,
sell,ore:cropCoffee,0.2,0,,,
sell,ore:cropCorn,0.2,0,,,
sell,ore:cropCotton,0.2,0,,,
sell,ore:cropCranberry,0.2,0,,,
sell,ore:cropCucumber,0.2,0,,,
sell,ore:cropCurryleaf,0.2,0,,,
sell,ore:cropDate,1,0,,,
sell,ore:cropDragonfruit,1,0,,,
sell,ore:cropDurian,1,0,,,
sell,ore:cropEggplant,0.2,0,,,
sell,ore:cropElderberry,1,0,,,
sell,ore:cropFig,1,0,,,
sell,ore:cropFlax,0.2,0,,,
sell,ore:cropGarlic,0.2,0,,,
sell,<harvestcraft:gigapickleitem>,0.2,0,,,
sell,ore:cropGinger,0.2,0,,,
sell,ore:cropGooseberry,0.2,0,,,
sell,ore:cropGrapefruit,1,0,,,
sell,ore:cropGrape,0.5,0,,,
sell,ore:cropGreengrape,0.2,0,,,
sell,<harvestcraft:guavaitem>,1,0,,,
sell,ore:cropPumpkin,0.5,0,,,
sell,ore:cropHazelnut,1,0,,,
sell,ore:cropHuckleberry,0.2,0,,,
sell,<harvestcraft:jackfruititem>,1,0,,,
sell,ore:cropJicama,0.2,0,,,
sell,ore:cropJuniperberry,0.2,0,,,
sell,ore:cropJute,0.2,0,,,
sell,ore:cropKale,0.2,0,,,
sell,ore:cropKiwi,0.2,0,,,
sell,ore:cropKohlrabi,0.2,0,,,
sell,ore:cropLeek,0.2,0,,,
sell,ore:cropLemon,0.2,0,,,
sell,ore:cropLentil,0.2,0,,,
sell,ore:cropLettuce,0.2,0,,,
sell,ore:cropLime,1,0,,,
sell,<harvestcraft:lycheeitem>,1,0,,,
sell,ore:cropMango,0.5,0,,,
sell,ore:cropMaplesyrup,1,0,,,
sell,ore:cropMillet,0.2,0,,,
sell,ore:cropMulberry,0.2,0,,,
sell,<harvestcraft:mustardseedsitem>,0.2,0,,,
sell,ore:cropNutmeg,1,0,,,
sell,ore:cropOats,0.2,0,,,
sell,ore:cropOkra,0.2,0,,,
sell,ore:cropOlive,0.25,0,,,
sell,ore:cropOnion,0.2,0,,,
sell,ore:cropOrange,1,0,,,
sell,ore:cropPapaya,1,0,,,
sell,ore:cropParsnip,0.2,0,,,
sell,<harvestcraft:passionfruititem>,1,0,,,
sell,<harvestcraft:pawpawitem>,1,0,,,
sell,ore:cropPeach,0.5,0,,,
sell,ore:cropPeanut,0.2,0,,,
sell,ore:cropPear,0.5,0,,,
sell,ore:cropPeas,0.2,0,,,
sell,ore:cropPecan,1,0,,,
sell,ore:cropPeppercorn,1,0,,,
sell,ore:cropPersimmon,1,0,,,
sell,ore:cropPineapple,0.5,0,,,
sell,ore:cropPistachio,1,0,,,
sell,ore:cropPlum,0.5,0,,,
sell,ore:cropPomegranate,1,0,,,
sell,ore:cropQuinoa,0.2,0,,,
sell,ore:cropRadish,0.2,0,,,
sell,<harvestcraft:rambutanitem>,1,0,,,
sell,ore:cropRaspberry,0.2,0,,,
sell,ore:cropRhubarb,0.2,0,,,
sell,ore:cropRice,0.2,0,,,
sell,ore:cropRutabaga,0.2,0,,,
sell,ore:cropRye,0.2,0,,,
sell,ore:cropScallion,0.2,0,,,
sell,ore:cropSeaweed,0.2,0,,,
sell,<harvestcraft:sesameseedsitem>,0.2,0,,,
sell,ore:cropSisal,0.2,0,,,
sell,<harvestcraft:soursopitem>,1,0,,,
sell,ore:cropSoybean,0.2,0,,,
sell,ore:cropSpiceleaf,0.2,0,,,
sell,ore:cropSpinach,0.2,0,,,
sell,ore:cropStarfruit,1,0,,,
sell,ore:cropStrawberry,0.2,0,,,
sell,<harvestcraft:sunflowerseedsitem>,0.2,0,,,
sell,ore:cropSweetpotato,0.2,0,,,
sell,<harvestcraft:tamarinditem>,1,0,,,
sell,ore:cropTaro,0.2,0,,,
sell,<harvestcraft:tealeafitem>,0.2,0,,,
sell,ore:cropTomatillo,0.2,0,,,
sell,ore:cropTomato,0.5,0,,,
sell,ore:cropTurnip,0.2,0,,,
sell,ore:cropVanillabean,1,0,,,
sell,ore:cropWalnut,1,0,,,
sell,ore:cropWaterchestnut,0.2,0,,,
sell,ore:cropWhitemushroom,0.2,0,,,
sell,ore:cropWintersquash,0.2,0,,,
sell,ore:cropZucchini,0.2,0,,,
sell,ore:cropApple,1,0,,,
sell,ore:cropWheat,0.2,0,,,
sell,ore:cropNetherWart,0.25,0,,,
sell,ore:cropCarrot,0.2,0,,,
sell,ore:cropPotato,0.2,0,,,
sell,ore:cropBeet,0.2,0,,,
sell,ore:mushroomAny,0.2,0,,,
,,,,,,
,,,,,,
#Processed Foods,,,,,,
sell,ore:logNormal,0.05,1,,,
sell,ore:logBred,0.075,1,,,
sell,ore:charcoal,0.1,1,,,
sell,<harvestcraft:hardenedleatheritem>,10,1,,,
sell,<harvestcraft:candledeco1>,0.2,1,,,
sell,<quark:candle>,0.5,1,,,
sell,<harvestcraft:blueberryjuiceitem>,0.3,1,,,
sell,<harvestcraft:cherryjuiceitem>,1.5,1,,,
sell,<harvestcraft:figjuiceitem>,1.5,1,,,
sell,<harvestcraft:grapefruitjuiceitem>,1.5,1,,,
sell,<harvestcraft:apricotjuiceitem>,1.5,1,,,
sell,<harvestcraft:strawberryjuiceitem>,0.3,1,,,
sell,<harvestcraft:blackberryjuiceitem>,0.3,1,,,
sell,<harvestcraft:raspberryjuiceitem>,0.3,1,,,
sell,<harvestcraft:persimmonjuiceitem>,1.5,1,,,
sell,<harvestcraft:melonjuiceitem>,0.3,1,,,
sell,<harvestcraft:orangejuiceitem>,1.5,1,,,
sell,<harvestcraft:limejuiceitem>,1.5,1,,,
sell,<harvestcraft:grapejuiceitem>,0.75,1,,,
sell,<harvestcraft:cranberryjuiceitem>,0.3,1,,,
sell,<harvestcraft:starfruitjuiceitem>,1.5,1,,,
sell,<harvestcraft:carrotjuiceitem>,0.3,1,,,
sell,<harvestcraft:applejuiceitem>,1.5,1,,,
sell,<harvestcraft:pearjuiceitem>,1.5,1,,,
sell,<harvestcraft:kiwijuiceitem>,0.3,1,,,
sell,<harvestcraft:peachjuiceitem>,1.5,1,,,
sell,<harvestcraft:cactusfruitjuiceitem>,15,1,,,
sell,<harvestcraft:papayajuiceitem>,1.5,1,,,
sell,<harvestcraft:mangojuiceitem>,1.5,1,,,
sell,<harvestcraft:plumjuiceitem>,0.75,1,,,
sell,<harvestcraft:pomegranatejuiceitem>,1.5,1,,,
,,,,,,
sell,<harvestcraft:mangojellyitem>,2.25,1,,,
sell,<harvestcraft:pepperjellyitem>,1.125,1,,,
sell,<harvestcraft:watermelonjellyitem>,0.45,1,,,
sell,<harvestcraft:persimmonjellyitem>,2.25,1,,,
sell,<harvestcraft:strawberryjellyitem>,0.45,1,,,
sell,<harvestcraft:plumjellyitem>,2.25,1,,,
sell,<harvestcraft:grapejellyitem>,1.125,1,,,
sell,<harvestcraft:blackberryjellyitem>,0.45,1,,,
sell,<harvestcraft:figjellyitem>,2.25,1,,,
sell,<harvestcraft:kiwijellyitem>,0.45,1,,,
sell,<harvestcraft:grapefruitjellyitem>,2.25,1,,,
sell,<harvestcraft:peachjellyitem>,2.25,1,,,
sell,<harvestcraft:cranberryjellyitem>,0.45,1,,,
sell,<harvestcraft:starfruitjellyitem>,2.25,1,,,
sell,<harvestcraft:pearjellyitem>,1.125,1,,,
sell,<harvestcraft:lemonjellyitem>,2.25,1,,,
sell,<harvestcraft:pomegranatejellyitem>,2.25,1,,,
sell,<harvestcraft:raspberryjellyitem>,0.45,1,,,
sell,<harvestcraft:blueberryjellyitem>,0.45,1,,,
sell,<harvestcraft:orangejellyitem>,2.25,1,,,
sell,<harvestcraft:limejellyitem>,2.25,1,,,
sell,<harvestcraft:cherryjellyitem>,2.25,1,,,
sell,<harvestcraft:applejellyitem>,2.25,1,,,
sell,<harvestcraft:papayajellyitem>,2.25,1,,,
sell,<harvestcraft:gooseberryjellyitem>,2.25,1,,,
sell,<harvestcraft:apricotjellyitem>,2.25,1,,,
,,,,,,
sell,<liquid:binnie.juice.apple>,0.015,1,,,
sell,<liquid:binnie.juice.apricot>,0.015,1,,,
sell,<liquid:binnie.juice.banana>,0.0075,1,,,
sell,<liquid:binnie.juice.carrot>,0.003,1,,,
sell,<liquid:binnie.juice.cherry>,0.015,1,,,
sell,<liquid:binnie.juice.cranberry>,0.015,1,,,
sell,<liquid:binnie.juice.elderberry>,0.015,1,,,
sell,<liquid:binnie.juice.grapefruit>,0.015,1,,,
sell,<liquid:binnie.juice.lemon>,0.0075,1,,,
sell,<liquid:binnie.juice.lime>,0.015,1,,,
sell,<liquid:binnie.juice.orange>,0.015,1,,,
sell,<liquid:binnie.juice.peach>,0.015,1,,,
sell,<liquid:binnie.juice.pear>,0.015,1,,,
sell,<liquid:binnie.juice.pineapple>,0.0075,1,,,
sell,<liquid:binnie.juice.plum>,0.0075,1,,,
sell,<liquid:binnie.juice.red.grape>,0.0075,1,,,
sell,<liquid:binnie.juice.tomato>,0.0075,1,,,
sell,<liquid:binnie.juice.white.grape>,0.003,1,,,
sell,<liquid:animania_honey>,0.005,1,,,
sell,<liquid:honey>,0.001,1,,,
sell,<liquid:for.honey>,0.02,1,,,
,,,,,,
sell,<liquid:binnie.wine.agave>,0.00525,1,,,
sell,<liquid:binnie.cider.apple>,0.02625,1,,,
sell,<liquid:binnie.wine.apricot>,0.02625,1,,,
sell,<liquid:binnie.wine.banana>,0.013125,1,,,
sell,<liquid:binnie.wine.carrot>,0.00525,1,,,
sell,<liquid:binnie.wine.cherry>,0.02625,1,,,
sell,<liquid:binnie.wine.cranberry>,0.00525,1,,,
sell,<liquid:binnie.wine.elderberry>,0.02625,1,,,
sell,<liquid:binnie.wine.citrus>,0.02625,1,,,
sell,<liquid:binnie.cider.peach>,0.02625,1,,,
sell,<liquid:binnie.ciderpear>,0.02625,1,,,
sell,<liquid:binnie.wine.pineapple>,0.013125,1,,,
sell,<liquid:binnie.wine.plum>,0.013125,1,,,
sell,<liquid:binnie.wine.red>,0.013125,1,,,
sell,<liquid:binnie.wine.tomato>,0.013125,1,,,
sell,<liquid:binnie.wine.white>,0.00525,1,,,
sell,<liquid:short.mead>,0.002,1,,,
,,,,,,
sell,<liquid:binnie.tequila>,0.0105,1,,,
sell,<liquid:binnie.brandy.apple>,0.0525,1,,,
sell,<liquid:binnie.brandy.apricot>,0.0525,1,,,
sell,<liquid:binnie.brandy.fruit>,0.02625,1,,,
sell,<liquid:binnie.brandy.fruit>,0.0105,1,,,
sell,<liquid:binnie.brandy.cherry>,0.0525,1,,,
sell,<liquid:binnie.brandy.fruit>,0.0105,1,,,
sell,<liquid:binnie.brandy.elderberry>,0.0525,1,,,
sell,<liquid:binnie.brandy.citrus>,0.0525,1,,,
sell,<liquid:binnie.brandy.fruit>,0.0525,1,,,
sell,<liquid:binnie.brandy.pear>,0.0525,1,,,
sell,<liquid:binnie.brandy.fruit>,0.02625,1,,,
sell,<liquid:binnie.brandy.plum>,0.02625,1,,,
sell,<liquid:binnie.brandy.grape>,0.02625,1,,,
sell,<liquid:binnie.brandy.fruit>,0.02625,1,,,
sell,<liquid:binnie.brandy.grape>,0.0105,1,,,
,,,,,,
sell,<liquid:binnie.liquor.apple>,0.2625,1,,,
sell,<liquid:binnie.liquor.apricot>,0.2625,1,,,
sell,<liquid:binnie.liquor.fruit>,0.13125,1,,,
sell,<liquid:binnie.liquor.fruit>,0.0525,1,,,
sell,<liquid:binnie.liquor.cherry>,0.2625,1,,,
sell,<liquid:binnie.liquor.fruit>,0.0525,1,,,
sell,<liquid:binnie.liquor.elderberry>,0.2625,1,,,
sell,<liquid:binnie.liquor.fruit>,0.2625,1,,,
sell,<liquid:binnie.liquor.fruit>,0.2625,1,,,
sell,<liquid:binnie.liquor.pear>,0.2625,1,,,
sell,<liquid:binnie.liquor.fruit>,0.13125,1,,,
sell,<liquid:binnie.liquor.fruit>,0.13125,1,,,
sell,<liquid:binnie.spirit.neutral>,1,1,,,
,,,,,,
sell,<liquid:milk_friesian>,0.0005,1,,,
sell,<liquid:milk_goat>,0.0005,1,,,
sell,<liquid:milk_holstein>,0.0005,1,,,
sell,<liquid:milk_jersey>,0.0005,1,,,
sell,<liquid:milk_sheep>,0.0005,1,,,
sell,<animania:friesian_cheese_wheel>,2.5,1,,,
sell,<animania:holstein_cheese_wheel>,2.5,1,,,
sell,<animania:jersey_cheese_wheel>,2.5,1,,,
sell,<animania:goat_cheese_wheel>,2.5,1,,,
sell,<animania:sheep_cheese_wheel>,2.5,1,,,
,,,,,,
sell,<ore:listAllfishfresh>,1.5,2,,,
sell,<minecraft:dye>,0.5,2,,,
sell,<harvestcraft:crayfishrawitem>,2.5,2,,,
sell,<harvestcraft:jellyfishrawitem>,2.5,2,,,
sell,<ore:egg>,0.5,2,,,
sell,<animania:raw_prime_beef>,20,2,,,
sell,<animania:raw_prime_steak>,6,2,,,
sell,<minecraft:beef>,6,2,,,
sell,<animania:raw_prime_pork>,16,2,,,
sell,<animania:raw_prime_bacon>,5,2,,,
sell,<minecraft:porkchop>,5,2,,,
sell,<animania:raw_prime_chicken>,5,2,,,
sell,<minecraft:chicken>,3.5,2,,,
sell,<animania:raw_prime_mutton>,16,2,,,
sell,<minecraft:mutton>,6,2,,,
sell,<animania:raw_prime_rabbit>,6,2,,,
sell,<minecraft:rabbit>,4,2,,,
sell,<animania:raw_prime_peacock>,12,2,,,
sell,<animania:raw_peacock>,6,2,,,
sell,<animania:raw_prime_chevon>,12,2,,,
sell,<animania:raw_chevon>,6,2,,,
sell,<animania:raw_frog_legs>,5,2,,,
sell,<animania:raw_horse>,16,2,,,
,,,,,,
,,,,,,
,,,,,,
,,,,,,
,,,,,,
#Selling Prepared Food,,,,,,
sell,<harvestcraft:cevicheitem>,2.76,3,,,
sell,<harvestcraft:mochicakeitem>,2.4865,3,,,
sell,<harvestcraft:potatochipsitem>,1.6674,3,,,
sell,<harvestcraft:stuffedmushroomitem>,1.3081,3,,,
sell,<harvestcraft:cheddarandsourcreampotatochipsitem>,2.7111,3,,,
sell,<harvestcraft:mushroomsteakitem>,8.6707,3,,,
sell,<harvestcraft:cornonthecobitem>,0.4482,3,,,
sell,<harvestcraft:chocolatepuddingitem>,1.9722,3,,,
sell,<harvestcraft:rootbeerfloatitem>,1.647,3,,,
sell,<harvestcraft:cantonesenoodlesitem>,11.3659,3,,,
sell,<harvestcraft:bananamilkshakeitem>,0.9918,3,,,
sell,<harvestcraft:slawdogitem>,10.0474,3,,,
sell,<harvestcraft:futomakiitem>,2.0412,3,,,
sell,<harvestcraft:candiedsweetpotatoesitem>,2.1274,3,,,
sell,<harvestcraft:broccolindipitem>,0.5347,3,,,
sell,<harvestcraft:sundayroastitem>,8.4294,3,,,
sell,<harvestcraft:stuffedpepperitem>,1.035,3,,,
sell,<harvestcraft:potatocakesitem>,0.6782,3,,,
sell,<harvestcraft:thankfuldinneritem>,10.0014,3,,,
sell,<harvestcraft:chilipoppersitem>,2.2327,3,,,
sell,<harvestcraft:paradiseburgeritem>,11.5488,3,,,
sell,<harvestcraft:porkrindsitem>,3.9099,3,,,
sell,<harvestcraft:lemonbaritem>,1.2414,3,,,
sell,<harvestcraft:chickenchowmeinitem>,5.5435,3,,,
sell,<harvestcraft:potatosoupitem>,1.0062,3,,,
sell,<harvestcraft:durianmuffinitem>,2.0889,3,,,
sell,<harvestcraft:honeyglazedcarrotsitem>,1.2532,3,,,
sell,<harvestcraft:potatoandcheesepirogiitem>,1.3851,3,,,
sell,<harvestcraft:sweetpotatosouffleitem>,2.0346,3,,,
sell,<harvestcraft:battenbergitem>,7.8826,3,,,
sell,<harvestcraft:oldworldveggiesoupitem>,1.3512,3,,,
sell,<harvestcraft:caramelappleitem>,1.8227,3,,,
sell,<harvestcraft:sprinklescupcakeitem>,2.3819,3,,,
sell,<harvestcraft:steakandchipsitem>,7.2967,3,,,
sell,<harvestcraft:chikorollitem>,7.7159,3,,,
sell,<harvestcraft:turkishdelightitem>,4.048,3,,,
sell,<harvestcraft:pambitsboxitem>,6.7039,3,,,
sell,<harvestcraft:rootbeersodaitem>,0.9003,3,,,
sell,<harvestcraft:honeyglazedhamitem>,7.6475,3,,,
sell,<harvestcraft:dandelionsaladitem>,2.53,3,,,
sell,<harvestcraft:gingersodaitem>,0.8658,3,,,
sell,<harvestcraft:maplesyruppancakesitem>,2.3124,3,,,
sell,<harvestcraft:phoitem>,2.611,3,,,
sell,<harvestcraft:pepperjellyandcrackersitem>,2.1788,3,,,
sell,<harvestcraft:hamsweetpicklesandwichitem>,11.0701,3,,,
sell,<harvestcraft:peanutbuttercupitem>,1.9313,3,,,
sell,<harvestcraft:sausagerollitem>,10.4011,3,,,
sell,<harvestcraft:sweetteaitem>,1.0695,3,,,
sell,<harvestcraft:homestylelunchitem>,2.9124,3,,,
sell,<harvestcraft:beetburgeritem>,17.3506,3,,,
sell,<harvestcraft:blueberryjellysandwichitem>,1.5668,3,,,
sell,<harvestcraft:monsterfrieddumplingsitem>,1.9739,3,,,
sell,<harvestcraft:baconmushroomburgeritem>,20.1561,3,,,
sell,<harvestcraft:ironbrewitem>,31.9158,3,,,
sell,<harvestcraft:bbqchickenbiscuititem>,12.131,3,,,
sell,<harvestcraft:tatertotsitem>,0.5864,3,,,
sell,<harvestcraft:fruitcreamfestivalbreaditem>,3.9087,3,,,
sell,<harvestcraft:peanutbutterbananasandwichitem>,1.7695,3,,,
sell,<harvestcraft:meatystewitem>,7.8027,3,,,
sell,<harvestcraft:cinnamonappleoatmealitem>,2.7024,3,,,
sell,<harvestcraft:croissantitem>,1.2296,3,,,
sell,<harvestcraft:rivermudcakeitem>,4.2811,3,,,
sell,<harvestcraft:southernstylebreakfastitem>,10.4395,3,,,
sell,<harvestcraft:sausagebeanmeltitem>,10.7749,3,,,
sell,<harvestcraft:celerysoupitem>,1.3512,3,,,
sell,<harvestcraft:pancakesitem>,1.0108,3,,,
sell,<harvestcraft:strawberryjellysandwichitem>,1.5668,3,,,
sell,<harvestcraft:chickensandwichitem>,4.9881,3,,,
sell,<harvestcraft:supremepizzaitem>,13.782,3,,,
sell,<harvestcraft:epicbaconitem>,14.3749,3,,,
sell,<harvestcraft:hamandcheesesandwichitem>,7.9206,3,,,
sell,<harvestcraft:festivalbreaditem>,2.3339,3,,,
sell,<harvestcraft:peachjellysandwichitem>,3.6368,3,,,
sell,<harvestcraft:scallionbakedpotatoitem>,0.5922,3,,,
sell,<harvestcraft:honeybunitem>,1.8046,3,,,
sell,<harvestcraft:lambwithmintsauceitem>,9.6887,3,,,
sell,<harvestcraft:mochidessertitem>,1.5638,3,,,
sell,<harvestcraft:orangesodaitem>,2.3608,3,,,
sell,<harvestcraft:pickledonionsitem>,2.3287,3,,,
sell,<harvestcraft:californiarollitem>,3.565,3,,,
sell,<harvestcraft:cherryjellysandwichitem>,3.6368,3,,,
sell,<harvestcraft:fishandchipsitem>,3.4603,3,,,
sell,<harvestcraft:cucumbersaladitem>,0.7589,3,,,
sell,<harvestcraft:tortillaitem>,0.2874,3,,,
sell,<harvestcraft:pearjellysandwichitem>,2.3431,3,,,
sell,<harvestcraft:greeneggsandhamitem>,8.625,3,,,
sell,<harvestcraft:okracreoleitem>,2.6449,3,,,
sell,<harvestcraft:lemoncupcakeitem>,2.0369,3,,,
sell,<harvestcraft:pepperoniitem>,8.395,3,,,
sell,<harvestcraft:vanillacupcakeitem>,2.9569,3,,,
sell,<harvestcraft:salmononigiriitem>,2.5185,3,,,
sell,<harvestcraft:keylimepieitem>,2.5396,3,,,
sell,<harvestcraft:stuffingitem>,1.4806,3,,,
sell,<harvestcraft:shrimptemperaitem>,3.2889,3,,,
sell,<harvestcraft:imagawayakiitem>,1.6611,3,,,
sell,<harvestcraft:cornedbeefitem>,10.5799,3,,,
sell,<harvestcraft:gardensoupitem>,1.1212,3,,,
sell,<harvestcraft:toastedwesternitem>,8.5125,3,,,
sell,<harvestcraft:friedpecanokraitem>,4.0249,3,,,
sell,<harvestcraft:pitepaltitem>,7.7164,3,,,
sell,<harvestcraft:baconcheeseburgeritem>,17.327,3,,,
sell,<harvestcraft:honeysandwichitem>,1.6243,3,,,
sell,<harvestcraft:lemondrizzlecakeitem>,1.9621,3,,,
sell,<harvestcraft:mcpamitem>,16.3213,3,,,
sell,<harvestcraft:softpretzelandmustarditem>,1.176,3,,,
sell,<harvestcraft:cranberrysmoothieitem>,0.8049,3,,,
sell,<harvestcraft:chickenpaellaitem>,7.1012,3,,,
sell,<harvestcraft:beefwellingtonitem>,7.7964,3,,,
sell,<harvestcraft:avocadoburritoitem>,9.0993,3,,,
sell,<harvestcraft:bolognasandwichitem>,8.8214,3,,,
sell,<harvestcraft:crayfishsaladitem>,5.2325,3,,,
sell,<harvestcraft:grapefruitjellysandwichitem>,3.6368,3,,,
sell,<harvestcraft:meatystirfryitem>,7.8199,3,,,
sell,<harvestcraft:vegetarianlettucewrapitem>,1.035,3,,,
sell,<harvestcraft:strawberrysodaitem>,0.9808,3,,,
sell,<harvestcraft:deviledeggitem>,3.1682,3,,,
sell,<harvestcraft:eggtartitem>,1.6812,3,,,
sell,<harvestcraft:caramelicecreamitem>,1.8112,3,,,
sell,<harvestcraft:chipsandsalsaitem>,4.6122,3,,,
sell,<harvestcraft:beetsaladitem>,3.1624,3,,,
sell,<harvestcraft:gingersnapsitem>,1.0465,3,,,
sell,<harvestcraft:pumpkinbreaditem>,1.5864,3,,,
sell,<harvestcraft:lemonjellysandwichitem>,3.6368,3,,,
sell,<harvestcraft:spagettiitem>,0.9555,3,,,
sell,<harvestcraft:dhalitem>,2.9317,3,,,
sell,<harvestcraft:stuffedchilipeppersitem>,8.6537,3,,,
sell,<harvestcraft:pistachiobakedsalmonitem>,2.875,3,,,
sell,<harvestcraft:sauerbratenitem>,9.3667,3,,,
sell,<harvestcraft:spicygreensitem>,3.5994,3,,,
sell,<harvestcraft:sardinesinhotsauceitem>,2.2859,3,,,
sell,<harvestcraft:beetsoupitem>,1.8543,3,,,
sell,<harvestcraft:takoyakiitem>,5.3123,3,,,
sell,<harvestcraft:surfandturfitem>,7.7049,3,,,
sell,<harvestcraft:chorusfruitsoupitem>,1.15,3,,,
sell,<harvestcraft:durianmilkshakeitem>,1.5668,3,,,
sell,<harvestcraft:jamrollitem>,1.2226,3,,,
sell,<harvestcraft:potatoandleeksoupitem>,2.7484,3,,,
sell,<harvestcraft:saucedlambkebabitem>,12.2204,3,,,
sell,<harvestcraft:pumpkinspicelatteitem>,4.7466,3,,,
sell,<harvestcraft:limejellysandwichitem>,3.6368,3,,,
sell,<harvestcraft:watermelonjellysandwichitem>,1.5668,3,,,
sell,<harvestcraft:peanutbuttercookiesitem>,2.2614,3,,,
sell,<harvestcraft:weekendpicnicitem>,15.4275,3,,,
sell,<harvestcraft:dangoitem>,2.868,3,,,
sell,<harvestcraft:naanitem>,1.9889,3,,,
sell,<harvestcraft:pomegranatejellysandwichitem>,3.6368,3,,,
sell,<harvestcraft:tunafishsandwichitem>,4.8501,3,,,
sell,<harvestcraft:deluxenachoesitem>,11.1557,3,,,
sell,<harvestcraft:pekingduckitem>,6.1179,3,,,
sell,<harvestcraft:vanillaicecreamitem>,2.3,3,,,
sell,<harvestcraft:starfruitjellysandwichitem>,3.6368,3,,,
sell,<harvestcraft:toadintheholeitem>,11.4449,3,,,
sell,<harvestcraft:coffeecupcakeitem>,2.0369,3,,,
sell,<harvestcraft:cornedbeefbreakfastitem>,18.1918,3,,,
sell,<harvestcraft:gravyitem>,0.9027,3,,,
sell,<harvestcraft:dandelionteaitem>,1.4029,3,,,
sell,<harvestcraft:spidereyepieitem>,2.7364,3,,,
sell,<harvestcraft:apricotjellysandwichitem>,3.6368,3,,,
sell,<harvestcraft:summerradishsaladitem>,2.6737,3,,,
sell,<harvestcraft:marinatedcucumbersitem>,3.0187,3,,,
sell,<harvestcraft:oystersauceitem>,2.4379,3,,,
sell,<harvestcraft:bangersandmashitem>,10.1908,3,,,
sell,<harvestcraft:corndogitem>,6.7004,3,,,
sell,<harvestcraft:sweetandsourchickenitem>,7.551,3,,,
sell,<harvestcraft:damperitem>,0.6465,3,,,
sell,<harvestcraft:meatloafsandwichitem>,10.5347,3,,,
sell,<harvestcraft:museliitem>,2.3143,3,,,
sell,<harvestcraft:zucchinifriesitem>,1.8831,3,,,
sell,<harvestcraft:leafychickensandwichitem>,5.9663,3,,,
sell,<harvestcraft:peanutsoupitem>,2.9339,3,,,
sell,<harvestcraft:peasandceleryitem>,2.0124,3,,,
sell,<harvestcraft:grapesodaitem>,2.3608,3,,,
sell,<harvestcraft:szechuaneggplantitem>,5.3762,3,,,
sell,<harvestcraft:snickersbaritem>,2.0161,3,,,
sell,<harvestcraft:strawberrycupcakeitem>,2.0369,3,,,
sell,<harvestcraft:baconpancakesitem>,7.9108,3,,,
sell,<harvestcraft:chaoscookieitem>,1.8551,3,,,
sell,<harvestcraft:deluxechickencurryitem>,14.647,3,,,
sell,<harvestcraft:steaktartareitem>,9.0274,3,,,
sell,<harvestcraft:imitationcrabsticksitem>,4.255,3,,,
sell,<harvestcraft:liverandonionsitem>,2.76,3,,,
sell,<harvestcraft:orangeduckitem>,6.44,3,,,
sell,<harvestcraft:butteredpotatoitem>,0.5057,3,,,
sell,<harvestcraft:braisedonionsitem>,1.1094,3,,,
sell,<harvestcraft:friedgreentomatoesitem>,2.8364,3,,,
sell,<harvestcraft:mobsoupitem>,17.25,3,,,
sell,<harvestcraft:cherrypieitem>,2.1614,3,,,
sell,<harvestcraft:vegetablesoupitem>,1.3512,3,,,
sell,<harvestcraft:shrimpcocktailitem>,3.2775,3,,,
sell,<harvestcraft:neapolitanicecreamitem>,2.3584,3,,,
sell,<harvestcraft:pomegranatesmoothieitem>,2.6449,3,,,
sell,<harvestcraft:babaganoushitem>,2.2424,3,,,
sell,<harvestcraft:scrambledeggitem>,0.575,3,,,
sell,<harvestcraft:froglegstirfryitem>,2.645,3,,,
sell,<harvestcraft:pinkelitem>,6.21,3,,,
sell,<harvestcraft:chaiteaitem>,2.875,3,,,
sell,<harvestcraft:sesameballitem>,2.5989,3,,,
sell,<harvestcraft:cherrycoconutchocolatebaritem>,3.0511,3,,,
sell,<harvestcraft:friedbolognasandwichitem>,8.0739,3,,,
sell,<harvestcraft:rainbowcurryitem>,7.13,3,,,
sell,<harvestcraft:gourmetbeefburgeritem>,17.3133,3,,,
sell,<harvestcraft:garlicbreaditem>,0.8075,3,,,
sell,<harvestcraft:roastchickenitem>,5.4624,3,,,
sell,<harvestcraft:carrotsoupitem>,0.9659,3,,,
sell,<harvestcraft:gingerchickenitem>,5.06,3,,,
sell,<harvestcraft:gyudonitem>,7.82,3,,,
sell,<harvestcraft:veggiestripsitem>,1.955,3,,,
sell,<harvestcraft:mushroomketchupomeletitem>,1.1423,3,,,
sell,<harvestcraft:sausageitem>,8.165,3,,,
sell,<harvestcraft:pistachioicecreamitem>,2.3,3,,,
sell,<harvestcraft:pizzaitem>,11.3844,3,,,
sell,<harvestcraft:jambalayaitem>,16.6634,3,,,
sell,<harvestcraft:spagettiandmeatballsitem>,9.7239,3,,,
sell,<harvestcraft:grapefruitsodaitem>,2.3608,3,,,
sell,<harvestcraft:honeybreaditem>,0.8768,3,,,
sell,<harvestcraft:gumboitem>,14.4587,3,,,
sell,<harvestcraft:chipsanddipitem>,2.2223,3,,,
sell,<harvestcraft:gravlaxitem>,2.415,3,,,
sell,<harvestcraft:gummybearsitem>,2.875,3,,,
sell,<harvestcraft:herbbutterparsnipsitem>,0.6782,3,,,
sell,<harvestcraft:strawberryicecreamitem>,1.38,3,,,
sell,<harvestcraft:gourmetporkpattyitem>,10.5569,3,,,
sell,<harvestcraft:trailmixitem>,0.9811,3,,,
sell,<harvestcraft:gooseberrypieitem>,1.2414,3,,,
sell,<harvestcraft:meatloafitem>,8.3231,3,,,
sell,<harvestcraft:baconwrappeddatesitem>,8.0499,3,,,
sell,<harvestcraft:ceasarsaladitem>,2.8606,3,,,
sell,<harvestcraft:eggrollitem>,5.8414,3,,,
sell,<harvestcraft:misosoupitem>,0.828,3,,,
sell,<harvestcraft:sweetandsourmeatballsitem>,11.2124,3,,,
sell,<harvestcraft:cottagepieitem>,8.0264,3,,,
sell,<harvestcraft:patreonpieitem>,9.6364,3,,,
sell,<harvestcraft:akutuqitem>,7.0725,3,,,
sell,<harvestcraft:slimepieitem>,5.2664,3,,,
sell,<harvestcraft:starfruitsmoothieitem>,2.6449,3,,,
sell,<harvestcraft:hushpuppiesitem>,2.392,3,,,
sell,<harvestcraft:gooseberrysmoothieitem>,0.8049,3,,,
sell,<harvestcraft:sunflowerwheatrollsitem>,2.6064,3,,,
sell,<harvestcraft:lemonchickenitem>,4.4732,3,,,
sell,<harvestcraft:teriyakichickenitem>,6.8057,3,,,
sell,<harvestcraft:chickenparmasanitem>,6.3307,3,,,
sell,<harvestcraft:musubiitem>,7.3599,3,,,
sell,<harvestcraft:batteredsausageitem>,10.3287,3,,,
sell,<harvestcraft:mozzerellasticksitem>,2.9802,3,,,
sell,<harvestcraft:cheeseontoastitem>,1.0781,3,,,
sell,<harvestcraft:raspberryjellysandwichitem>,1.5668,3,,,
sell,<harvestcraft:chickencurryitem>,8.1901,3,,,
sell,<harvestcraft:hotwingsitem>,5.5979,3,,,
sell,<harvestcraft:fishsticksitem>,2.6639,3,,,
sell,<harvestcraft:groiledcheesesandwichitem>,3.5598,3,,,
sell,<harvestcraft:turnipsoupitem>,1.6844,3,,,
sell,<harvestcraft:fortunecookieitem>,2.7364,3,,,
sell,<harvestcraft:cinnamonsugardonutitem>,3.9202,3,,,
sell,<harvestcraft:hummusitem>,2.4724,3,,,
sell,<harvestcraft:zeppoleitem>,3.0814,3,,,
sell,<harvestcraft:ricepuddingitem>,3.3493,3,,,
sell,<harvestcraft:gourmetmuttonburgeritem>,14.8408,3,,,
sell,<harvestcraft:hashitem>,9.7462,3,,,
sell,<harvestcraft:beansontoastitem>,9.4383,3,,,
sell,<harvestcraft:mashedpotatoesitem>,0.6965,3,,,
sell,<harvestcraft:crispyricepuffbarsitem>,1.5789,3,,,
sell,<harvestcraft:mochiitem>,0.828,3,,,
sell,<harvestcraft:broccolimacitem>,1.0993,3,,,
sell,<harvestcraft:orangejellysandwichitem>,3.6368,3,,,
sell,<harvestcraft:anchovypepperonipizzaitem>,13.1094,3,,,
sell,<harvestcraft:hamburgeritem>,7.2593,3,,,
sell,<harvestcraft:potatosaladitem>,0.9487,3,,,
sell,<harvestcraft:cranberrybaritem>,1.2414,3,,,
sell,<harvestcraft:mushroomrisottoitem>,1.4087,3,,,
sell,<harvestcraft:fishdinneritem>,3.5552,3,,,
sell,<harvestcraft:blueberrymuffinitem>,1.5139,3,,,
sell,<harvestcraft:chocolaterollitem>,0.7798,3,,,
sell,<harvestcraft:creamedbroccolisoupitem>,2.6852,3,,,
sell,<harvestcraft:crackeritem>,1.702,3,,,
sell,<harvestcraft:mincepieitem>,11.5796,3,,,
sell,<harvestcraft:bentoboxitem>,13.5463,3,,,
sell,<harvestcraft:gooseberrymilkshakeitem>,0.6468,3,,,
sell,<harvestcraft:bbqplatteritem>,18.1829,3,,,
sell,<harvestcraft:blueberrysmoothieitem>,1.4949,3,,,
sell,<harvestcraft:tunaonigiriitem>,2.5185,3,,,
sell,<harvestcraft:splitpeasoupitem>,9.1137,3,,,
sell,<harvestcraft:cassouletitem>,20.3147,3,,,
sell,<harvestcraft:chilicupcakeitem>,2.3819,3,,,
sell,<harvestcraft:blackpaellaitem>,3.9962,3,,,
sell,<harvestcraft:spinachpieitem>,1.7445,3,,,
sell,<harvestcraft:chickenbiscuititem>,9.7676,3,,,
sell,<harvestcraft:persimmonjellysandwichitem>,3.6368,3,,,
sell,<harvestcraft:vanillaconchasbreaditem>,2.7364,3,,,
sell,<harvestcraft:crabkimbapitem>,3.0762,3,,,
sell,<harvestcraft:veggiestirfryitem>,1.15,3,,,
sell,<harvestcraft:pumpkinsoupitem>,1.3109,3,,,
sell,<harvestcraft:driedsoupitem>,0.6612,3,,,
sell,<harvestcraft:coleslawburgeritem>,11.1585,3,,,
sell,<harvestcraft:candiedwalnutsitem>,4.1975,3,,,
sell,<harvestcraft:potstickersitem>,8.1857,3,,,
sell,<harvestcraft:honeysoyribsitem>,8.9619,3,,,
sell,<harvestcraft:chickencordonbleuitem>,10.7352,3,,,
sell,<harvestcraft:mashedsweetpotatoesitem>,0.4482,3,,,
sell,<harvestcraft:raspberrysmoothieitem>,0.8049,3,,,
sell,<harvestcraft:sundayhighteaitem>,3.1111,3,,,
sell,<harvestcraft:meringuerouladeitem>,1.7007,3,,,
sell,<harvestcraft:tortillachipsitem>,1.5956,3,,,
sell,<harvestcraft:randomtacoitem>,13.9293,3,,,
sell,<harvestcraft:creamcookieitem>,2.4086,3,,,
sell,<harvestcraft:cornbreaditem>,0.9113,3,,,
sell,<harvestcraft:papayajellysandwichitem>,3.6368,3,,,
sell,<harvestcraft:cheesyshrimpquinoaitem>,3.6368,3,,,
sell,<harvestcraft:fiestacornsaladitem>,3.2199,3,,,
sell,<harvestcraft:wafflesitem>,1.229,3,,,
sell,<harvestcraft:spicymustardporkitem>,6.1294,3,,,
sell,<harvestcraft:jellybeansitem>,2.875,3,,,
sell,<harvestcraft:colasodaitem>,0.8658,3,,,
sell,<harvestcraft:figjellysandwichitem>,3.6368,3,,,
sell,<harvestcraft:bubbleteaitem>,1.0695,3,,,
sell,<harvestcraft:chickendinneritem>,6.1399,3,,,
sell,<harvestcraft:netherwingsitem>,5.8854,3,,,
sell,<harvestcraft:lemonlimesodaitem>,2.5908,3,,,
sell,<harvestcraft:walnutraisinbreaditem>,3.1964,3,,,
sell,<harvestcraft:eggsbenedictitem>,8.676,3,,,
sell,<harvestcraft:guisoitem>,8.3322,3,,,
sell,<harvestcraft:meringuecookieitem>,1.8532,3,,,
sell,<harvestcraft:garlicchickenitem>,6.0375,3,,,
sell,<harvestcraft:eggsaladitem>,1.3224,3,,,
sell,<harvestcraft:friedfeastitem>,13.0876,3,,,
sell,<harvestcraft:meesuaitem>,11.2222,3,,,
sell,<harvestcraft:salsaitem>,2.415,3,,,
sell,<harvestcraft:dimsumitem>,8.0264,3,,,
sell,<harvestcraft:peanutbuttercupcakeitem>,2.6996,3,,,
sell,<harvestcraft:theatreboxitem>,3.7868,3,,,
sell,<harvestcraft:jelliedeelitem>,6.7792,3,,,
sell,<harvestcraft:mashedpotatoeschickenbiscuititem>,7.9133,3,,,
sell,<harvestcraft:onionsoupitem>,2.382,3,,,
sell,<harvestcraft:cheesedanishitem>,1.2299,3,,,
sell,<harvestcraft:baconwrappedchiliitem>,7.475,3,,,
sell,<harvestcraft:kohlundpinkelitem>,24.0637,3,,,
sell,<harvestcraft:omeletitem>,1.035,3,,,
sell,<harvestcraft:meatpieitem>,9.7801,3,,,
sell,<harvestcraft:applejellysandwichitem>,3.6368,3,,,
sell,<harvestcraft:mettbrotchenitem>,7.7193,3,,,
sell,<harvestcraft:sushiitem>,2.1849,3,,,
sell,<harvestcraft:shrimpokrahushpuppiesitem>,4.3469,3,,,
sell,<harvestcraft:onionhamburgeritem>,10.1336,3,,,
sell,<harvestcraft:blueberrypancakesitem>,1.7374,3,,,
sell,<harvestcraft:peaandhamsoupitem>,7.9925,3,,,
sell,<harvestcraft:sweetpickleitem>,2.7887,3,,,
sell,<harvestcraft:orangechickenitem>,6.21,3,,,
sell,<harvestcraft:strawberrysaladitem>,2.875,3,,,
sell,<harvestcraft:vegemiteitem>,1.0579,3,,,
sell,<harvestcraft:beefjerkyitem>,7.0149,3,,,
sell,<harvestcraft:grapesmoothieitem>,1.4949,3,,,
sell,<harvestcraft:wontonsoupitem>,1.9808,3,,,
sell,<harvestcraft:blackberryjellysandwichitem>,1.5668,3,,,
sell,<harvestcraft:baconandeggsitem>,6.3249,3,,,
sell,<harvestcraft:gourmetvenisonpattyitem>,8.4007,3,,,
sell,<harvestcraft:gourmetvenisonburgeritem>,16.6808,3,,,
sell,<harvestcraft:strawberrysmoothieitem>,0.8049,3,,,
sell,<harvestcraft:cinnamonrollitem>,2.3339,3,,,
sell,<harvestcraft:chocolatecupcakeitem>,3.1294,3,,,
sell,<harvestcraft:suaderoitem>,9.9475,3,,,
sell,<harvestcraft:grapesaladitem>,3.2199,3,,,
sell,<harvestcraft:lavendershortbreaditem>,1.5864,3,,,
sell,<harvestcraft:tacoitem>,9.9043,3,,,
sell,<harvestcraft:orangesmoothieitem>,2.6449,3,,,
sell,<harvestcraft:tunasaladitem>,6.1007,3,,,
sell,<harvestcraft:baklavaitem>,3.5296,3,,,
sell,<harvestcraft:peachsmoothieitem>,1.4949,3,,,
sell,<harvestcraft:spicebunitem>,3.2458,3,,,
sell,<harvestcraft:bananasmoothieitem>,1.4949,3,,,
sell,<harvestcraft:manjuuitem>,1.035,3,,,
sell,<harvestcraft:cucumbersandwichitem>,1.3253,3,,,
sell,<harvestcraft:enchiladaitem>,7.8343,3,,,
sell,<harvestcraft:buttercookieitem>,2.8747,3,,,
sell,<harvestcraft:blazingsoupitem>,1.2362,3,,,
sell,<harvestcraft:mintcupcakeitem>,2.0369,3,,,
sell,<harvestcraft:grapefruitsmoothieitem>,2.6449,3,,,
sell,<harvestcraft:chickennoodlesoupitem>,5.0668,3,,,
sell,<harvestcraft:asparagusquicheitem>,1.7537,3,,,
sell,<harvestcraft:cobblestonecobbleritem>,2.0346,3,,,
sell,<harvestcraft:pickledbeetsitem>,2.3287,3,,,
sell,<harvestcraft:heartybreakfastitem>,10.3041,3,,,
sell,<harvestcraft:fishlettucewrapitem>,2.53,3,,,
sell,<harvestcraft:mintchocolatechipicecreamitem>,1.8436,3,,,
sell,<harvestcraft:pemmicanitem>,7.13,3,,,
sell,<harvestcraft:loadedbakedpotatoitem>,8.2003,3,,,
sell,<harvestcraft:bltitem>,8.0643,3,,,
sell,<harvestcraft:zucchinibakeitem>,2.1131,3,,,
sell,<harvestcraft:chocolatebaconitem>,7.3636,3,,,
sell,<harvestcraft:ovenroastedcaulifloweritem>,2.0124,3,,,
sell,<harvestcraft:lemonaideitem>,1.035,3,,,
sell,<harvestcraft:crackersitem>,0.7696,3,,,
sell,<harvestcraft:donutitem>,1.7589,3,,,
sell,<harvestcraft:ramenitem>,0.9435,3,,,
sell,<harvestcraft:nachoesitem>,1.0493,3,,,
sell,<harvestcraft:blackberrysmoothieitem>,0.8049,3,,,
sell,<harvestcraft:roastedrootveggiemedleyitem>,0.9199,3,,,
sell,<harvestcraft:poachedpearitem>,2.3,3,,,
sell,<harvestcraft:cherryslushieitem>,2.07,3,,,
sell,<harvestcraft:coleslawitem>,2.4437,3,,,
sell,<harvestcraft:raspberryicedteaitem>,0.8049,3,,,
sell,<harvestcraft:bakedhamitem>,7.475,3,,,
sell,<harvestcraft:buttertartitem>,2.0921,3,,,
sell,<harvestcraft:kungpaochickenitem>,8.9125,3,,,
sell,<harvestcraft:pizzasoupitem>,3.0604,3,,,
sell,<harvestcraft:sugarcookieitem>,2.1847,3,,,
sell,<harvestcraft:figsmoothieitem>,2.6449,3,,,
sell,<harvestcraft:cherrysmoothieitem>,2.6449,3,,,
sell,<harvestcraft:vindalooitem>,8.9352,3,,,
sell,<harvestcraft:gourmetporkburgeritem>,16.563,3,,,
sell,<harvestcraft:lemonsmoothieitem>,0.8049,3,,,
sell,<harvestcraft:greenbeancasseroleitem>,1.1212,3,,,
sell,<harvestcraft:montecristosandwichitem>,12.857,3,,,
sell,<harvestcraft:pecanpieitem>,2.3796,3,,,
sell,<harvestcraft:delightedmealitem>,15.9449,3,,,
sell,<harvestcraft:bananasplititem>,4.4274,3,,,
sell,<harvestcraft:cashewchickenitem>,5.635,3,,,
sell,<harvestcraft:cheesesteakitem>,10.1631,3,,,
sell,<harvestcraft:bbqpotatochipsitem>,5.1376,3,,,
sell,<harvestcraft:padthaiitem>,6.1472,3,,,
sell,<harvestcraft:summersquashwithradishitem>,2.5875,3,,,
sell,<harvestcraft:ploughmanslunchitem>,13.1689,3,,,
sell,<harvestcraft:cactussoupitem>,1.8112,3,,,
sell,<harvestcraft:paneertikkamasalaitem>,4.144,3,,,
sell,<harvestcraft:blackberrycobbleritem>,1.2414,3,,,
sell,<harvestcraft:raspberrymilkshakeitem>,0.9135,3,,,
sell,<harvestcraft:mixedsaladitem>,4.3944,3,,,
sell,<harvestcraft:pbandjitem>,2.3431,3,,,
sell,<harvestcraft:timpanoitem>,24.6521,3,,,
sell,<harvestcraft:roastpotatoesitem>,1.6674,3,,,
sell,<harvestcraft:bbqpulledporkitem>,8.0643,3,,,
sell,<harvestcraft:plumjellysandwichitem>,3.6368,3,,,
sell,<harvestcraft:gingerbreaditem>,2.7096,3,,,
sell,<harvestcraft:marzipanitem>,1.7249,3,,,
sell,<harvestcraft:spaghettidinneritem>,12.183,3,,,
sell,<harvestcraft:strawberryrhubarbpieitem>,1.4714,3,,,
sell,<harvestcraft:toastsandwichitem>,2.0412,3,,,
sell,<harvestcraft:eggnogitem>,3.1222,3,,,
sell,<harvestcraft:honeylemonlambitem>,7.9694,3,,,
sell,<harvestcraft:chorizoitem>,8.395,3,,,
sell,<harvestcraft:creeperwingsitem>,7.3229,3,,,
sell,<harvestcraft:grilledskewersitem>,0.7015,3,,,
sell,<harvestcraft:banananutbreaditem>,2.1533,3,,,
sell,<harvestcraft:brownieitem>,5.3546,3,,,
sell,<harvestcraft:chimichangaitem>,16.5132,3,,,
sell,<harvestcraft:lambkebabitem>,9.0964,3,,,
sell,<harvestcraft:seedsoupitem>,0.8912,3,,,
sell,<harvestcraft:spidereyesoupitem>,2.3862,3,,,
sell,<harvestcraft:applefritteritem>,3.4839,3,,,
sell,<harvestcraft:coconutsmoothieitem>,1.4949,3,,,
sell,<harvestcraft:bakedalaskaitem>,2.5396,3,,,
sell,<harvestcraft:honeycombchocolatebaritem>,1.0386,3,,,
sell,<harvestcraft:datenutbreaditem>,2.7364,3,,,
sell,<harvestcraft:leafyfishsandwichitem>,3.3213,3,,,
sell,<harvestcraft:peachesandcreamoatmealitem>,0.8797,3,,,
sell,<harvestcraft:boiledeggitem>,0.575,3,,,
sell,<harvestcraft:sunflowerbroccolisaladitem>,8.5962,3,,,
sell,<harvestcraft:breakfastburritoitem>,8.2538,3,,,
sell,<harvestcraft:jellydonutitem>,3.3165,3,,,
sell,<harvestcraft:epicbltitem>,17.6956,3,,,
sell,<harvestcraft:cheezepuffsitem>,2.3057,3,,,
sell,<harvestcraft:maplecandiedbaconitem>,8.0499,3,,,
sell,<harvestcraft:potatoesobrienitem>,2.0124,3,,,
sell,<harvestcraft:chiliitem>,9.0849,3,,,
sell,<harvestcraft:chilidonutitem>,3.6564,3,,,
sell,<harvestcraft:kiwijellysandwichitem>,1.5668,3,,,
sell,<harvestcraft:biscuititem>,0.6546,3,,,
sell,<harvestcraft:frenchtoastitem>,2.8318,3,,,
sell,<harvestcraft:maplesausageitem>,8.28,3,,,
sell,<harvestcraft:meringuebombeitem>,4.1922,3,,,
sell,<harvestcraft:chickengumboitem>,6.7562,3,,,
sell,<harvestcraft:porklettucewrapitem>,7.13,3,,,
sell,<harvestcraft:cheeseburgeritem>,9.067,3,,,
sell,<harvestcraft:gourmetmuttonpattyitem>,10.5569,3,,,
sell,<harvestcraft:maplesyrupwafflesitem>,2.5634,3,,,
sell,<harvestcraft:clamchowderitem>,8.97,3,,,
sell,<harvestcraft:garlicsteakitem>,7.5782,3,,,
sell,<harvestcraft:raspberrypieitem>,1.2414,3,,,
sell,<harvestcraft:icecreamitem>,0.5318,3,,,
sell,<harvestcraft:pumpkinmuffinitem>,1.5139,3,,,
sell,<harvestcraft:mangojellysandwichitem>,3.6368,3,,,
sell,<harvestcraft:taiyakiitem>,1.2428,3,,,
sell,<harvestcraft:hotandsoursoupitem>,10.3557,3,,,
sell,<harvestcraft:custarditem>,3.1222,3,,,
sell,<harvestcraft:pineapplehamitem>,8.0499,3,,,
sell,<harvestcraft:tomatoherbchickenitem>,4.83,3,,,
sell,<harvestcraft:cherrysodaitem>,2.3608,3,,,
sell,<harvestcraft:persimmonsmoothieitem>,2.6449,3,,,
sell,<harvestcraft:applesnowitem>,1.7464,3,,,
sell,<harvestcraft:swedishmeatballsitem>,12.466,3,,,
sell,<harvestcraft:marshmellowchicksitem>,4.2239,3,,,
sell,<harvestcraft:shepardspieitem>,8.0264,3,,,
sell,<harvestcraft:gritsitem>,0.4743,3,,,
sell,<harvestcraft:potatoskinsitem>,7.9235,3,,,
sell,<harvestcraft:hotdogitem>,6.0518,3,,,
sell,<harvestcraft:meringuebrownieitem>,2.5891,3,,,
sell,<harvestcraft:berrymeringuenestitem>,1.1429,3,,,
sell,<harvestcraft:smoresitem>,2.6976,3,,,
sell,<harvestcraft:koreandinneritem>,24.3233,3,,,
sell,<harvestcraft:frosteddonutitem>,6.0477,3,,,
sell,<harvestcraft:friedchickenitem>,7.8389,3,,,
sell,<harvestcraft:fishsandwichitem>,2.6881,3,,,
sell,<harvestcraft:ricesoupitem>,0.8912,3,,,
sell,<harvestcraft:creepercookieitem>,2.6639,3,,,
sell,<harvestcraft:gourmetbeefpattyitem>,10.5569,3,,,
sell,<harvestcraft:cinnamonbreaditem>,1.9771,3,,,
sell,<harvestcraft:kiwismoothieitem>,0.8049,3,,,
sell,<harvestcraft:asparagussoupitem>,1.3394,3,,,
sell,<harvestcraft:blueberrypieitem>,1.5864,3,,,
sell,<harvestcraft:mangosmoothieitem>,1.4949,3,,,
sell,<harvestcraft:quesadillaitem>,8.8665,3,,,
sell,<harvestcraft:lambbarleysoupitem>,8.2512,3,,,
sell,<harvestcraft:threebeansaladitem>,5.7787,3,,,
sell,<harvestcraft:cherryicecreamitem>,2.3,3,,,
sell,<harvestcraft:springrollitem>,2.8209,3,,,
sell,<harvestcraft:briochebunitem>,0.5931,3,,,
sell,<harvestcraft:candiedpecansitem>,3.0475,3,,,
sell,<harvestcraft:gherkinitem>,2.5587,3,,,
sell,<harvestcraft:cornishpastyitem>,9.1189,3,,,
sell,<harvestcraft:bakedbeansitem>,7.7049,3,,,
sell,<harvestcraft:bibimbapitem>,14.8349,3,,,
sell,<harvestcraft:creamedcornitem>,0.5347,3,,,
sell,<harvestcraft:chickenpotpieitem>,4.9214,3,,,
sell,<harvestcraft:lycheeteaitem>,1.4029,3,,,
sell,<harvestcraft:yorkshirepuddingitem>,1.787,3,,,
sell,<harvestcraft:cranberryjellysandwichitem>,1.5668,3,,,
sell,<harvestcraft:redvelvetcupcakeitem>,2.9569,3,,,
sell,<harvestcraft:etonmessitem>,0.9704,3,,,
sell,<harvestcraft:fruitcrumbleitem>,2.9322,3,,,
sell,<harvestcraft:onigiriitem>,0.69,3,,,
sell,<harvestcraft:haggisitem>,4.4275,3,,,
sell,<harvestcraft:tomatosoupitem>,1.2362,3,,,
sell,<harvestcraft:garlicmashedpotatoesitem>,1.031,3,,,
sell,<harvestcraft:mushroomlasagnaitem>,2.1343,3,,,
sell,<harvestcraft:stuffedduckitem>,6.095,3,,,
sell,<harvestcraft:succotashitem>,1.7132,3,,,
sell,<harvestcraft:guacamoleitem>,2.76,3,,,
sell,<harvestcraft:strawberrysouffleitem>,2.6766,3,,,
sell,<harvestcraft:coffeeconlecheitem>,2.8491,3,,,
sell,<harvestcraft:spumoniicecreamitem>,2.6449,3,,,
sell,<harvestcraft:hotcocoaitem>,2.7433,3,,,
sell,<harvestcraft:stuffedeggplantitem>,1.4832,3,,,
sell,<harvestcraft:zucchinibreaditem>,3.1389,3,,,
sell,<harvestcraft:beanburritoitem>,1.5093,3,,,
sell,<harvestcraft:omuriceitem>,8.395,3,,,
sell,<harvestcraft:chocolatemilkshakeitem>,1.7393,3,,,
sell,<harvestcraft:strawberrypieitem>,1.2414,3,,,
sell,<harvestcraft:gingeredrhubarbtartitem>,2.0464,3,,,
sell,<harvestcraft:friedeggitem>,0.575,3,,,
sell,<harvestcraft:potroastitem>,8.0212,3,,,
sell,<harvestcraft:figbaritem>,2.1614,3,,,
sell,<harvestcraft:caramelcupcakeitem>,2.4681,3,,,
sell,<harvestcraft:fairybreaditem>,3.97,3,,,
sell,<harvestcraft:friedriceitem>,1.265,3,,,
sell,<harvestcraft:porklomeinitem>,7.2437,3,,,
sell,<harvestcraft:poutineitem>,2.1536,3,,,
sell,<harvestcraft:softpretzelitem>,0.7926,3,,,
sell,<harvestcraft:escargotitem>,3.8982,3,,,
sell,<harvestcraft:merveilleuxitem>,0.9166,3,,,
sell,<harvestcraft:steakfajitaitem>,8.4956,3,,,
sell,<harvestcraft:bulgogiitem>,9.9106,3,,,
sell,<harvestcraft:papayasmoothieitem>,2.6449,3,,,
sell,<harvestcraft:lemonmeringueitem>,1.6196,3,,,
sell,<harvestcraft:glazedcarrotsitem>,1.0232,3,,,
sell,<harvestcraft:picklesitem>,2.3287,3,,,
sell,<harvestcraft:vegemiteontoastitem>,1.576,3,,,
sell,<harvestcraft:charsiuitem>,9.3184,3,,,
sell,<harvestcraft:crawfishetoufeeitem>,4.7147,3,,,
sell,<harvestcraft:fishtacoitem>,3.5793,3,,,
sell,<harvestcraft:cinnamontoastitem>,2.4175,3,,,
sell,<harvestcraft:chickencelerycasseroleitem>,4.945,3,,,
sell,<harvestcraft:curryitem>,2.7312,3,,,
sell,<harvestcraft:tiropitaitem>,3.0526,3,,,
sell,<harvestcraft:jaffaitem>,3.0051,3,,,
sell,<harvestcraft:applesmoothieitem>,2.6449,3,,,
sell,<harvestcraft:peachcobbleritem>,1.5864,3,,,
sell,<harvestcraft:applepieitem>,2.1614,3,,,
sell,<harvestcraft:limesmoothieitem>,2.6449,3,,,
sell,<harvestcraft:zombiejerkyitem>,0.8049,3,,,
sell,<harvestcraft:porksausageitem>,8.165,3,,,
sell,<harvestcraft:chocolateicecreamitem>,2.4724,3,,,
sell,<harvestcraft:cottoncandyitem>,3.7029,3,,,
sell,<harvestcraft:gooseberryjellysandwichitem>,3.6368,3,,,
sell,<harvestcraft:seedenergygelitem>,2.415,3,,,
sell,<harvestcraft:strawberrymilkshakeitem>,0.6468,3,,,
sell,<harvestcraft:biscuitsandgravyitem>,1.7909,3,,,
sell,<harvestcraft:tunapotatoitem>,3.1115,3,,,
sell,<harvestcraft:refriedbeansitem>,0.6782,3,,,
sell,<harvestcraft:chilidogitem>,17.4074,3,,,
sell,<harvestcraft:bbqchickenpizzaitem>,6.3083,3,,,
sell,<harvestcraft:mangochutneyitem>,2.3574,3,,,
sell,<harvestcraft:bakedbeetsitem>,1.7707,3,,,
sell,<harvestcraft:eggplantparmitem>,1.6743,3,,,
sell,<harvestcraft:bakedturnipsitem>,1.8857,3,,,
sell,<harvestcraft:grilledcheesevegemitetoastitem>,2.7074,3,,,
sell,<harvestcraft:okrachipsitem>,0.575,3,,,
sell,<harvestcraft:chocolatedonutitem>,2.4863,3,,,
sell,<harvestcraft:apricotsmoothieitem>,2.6449,3,,,
sell,<harvestcraft:espressoitem>,1.265,3,,,
sell,<harvestcraft:chickenkatsuitem>,5.0714,3,,,
sell,<harvestcraft:pearsmoothieitem>,1.4949,3,,,
sell,<harvestcraft:cracklinsitem>,8.4525,3,,,
sell,<harvestcraft:cucumbersoupitem>,0.9659,3,,,
sell,<harvestcraft:mochaicecreamitem>,2.7024,3,,,
sell,<harvestcraft:deluxecheeseburgeritem>,11.232,3,,,
sell,<harvestcraft:salisburysteakitem>,11.7783,3,,,
sell,<harvestcraft:zestyzucchiniitem>,1.9043,3,,,
sell,<harvestcraft:cornedbeefhashitem>,14.3689,3,,,
sell,<harvestcraft:crackersandcheeseitem>,1.6038,3,,,
sell,<harvestcraft:extremechiliitem>,11.0227,3,,,
sell,<harvestcraft:raisincookiesitem>,1.8014,3,,,
sell,<harvestcraft:cornchipsitem>,1.702,3,,,
sell,<harvestcraft:timtamitem>,1.3519,3,,,
sell,<harvestcraft:carrotcupcakeitem>,2.0369,3,,,
sell,<harvestcraft:pastagardeniaitem>,2.9968,3,,,
sell,<harvestcraft:sourcreamandonionpotatochipsitem>,2.2223,3,,,
sell,<harvestcraft:salmonpattiesitem>,3.9818,3,,,
sell,<harvestcraft:generaltsochickenitem>,5.8765,3,,,
sell,<harvestcraft:meatfeastpizzaitem>,45.798,3,,,
sell,<harvestcraft:hotdishcasseroleitem>,7.0282,3,,,
sell,<harvestcraft:sweetpotatopieitem>,3.3378,3,,,
sell,<harvestcraft:beansandriceitem>,7.5899,3,,,
sell,<harvestcraft:sausageinbreaditem>,10.7151,3,,,
sell,<harvestcraft:energydrinkitem>,2.9358,3,,,
sell,<harvestcraft:grilledcheeseitem>,1.2963,3,,,
sell,<harvestcraft:melonsmoothieitem>,0.8049,3,,,
sell,<harvestcraft:lasagnaitem>,1.9043,3,,,
sell,<harvestcraft:leekbaconsoupitem>,7.4347,3,,,
sell,<harvestcraft:coconutshrimpitem>,4.4389,3,,,
sell,<harvestcraft:fruitcakeitem>,6.4739,3,,,
sell,<harvestcraft:hamandpineapplepizzaitem>,9.2051,3,,,
sell,<harvestcraft:breadedporkchopitem>,6.6889,3,,,
sell,<harvestcraft:marshmellowsitem>,1.1729,3,,,
sell,<harvestcraft:nopalessaladitem>,3.6799,3,,,
sell,<harvestcraft:pumpkinoatsconesitem>,1.2647,3,,,
sell,<harvestcraft:footlongitem>,8.6681,3,,,
sell,<harvestcraft:chickenandwafflesitem>,10.4282,3,,,
sell,<harvestcraft:creamofavocadosoupitem>,3.2659,3,,,
sell,<harvestcraft:plumsmoothieitem>,1.4949,3,,,
sell,<harvestcraft:apricotglazedporkitem>,9.4874,3,,,
sell,<harvestcraft:springfieldcashewchickenitem>,13.1985,3,,,
sell,<harvestcraft:toastitem>,0.3125,3,,,
sell,<harvestcraft:raspberrytrifleitem>,1.8911,3,,,
sell,<harvestcraft:powdereddonutitem>,2.5977,3,,,
sell,<harvestcraft:kimchiitem>,2.645,3,,,
,,,,,,
buy,<minecolonies:supplychestdeployer>,250,5,,,
buy,<minecolonies:supplycampdeployer>,250,5,,,
buy,<minecolonies:blockhuttownhall>,150,5,,,
buy,<minecolonies:blockhutcitizen>,25,5,,,
buy,<minecolonies:blockhutwarehouse>,25,5,,,
buy,<minecolonies:blockhutcook>,25,5,,,
buy,<minecolonies:blockhutflorist>,25,5,,,
buy,<minecolonies:blockhutdeliveryman>,50,5,,,
buy,<minecolonies:blockhutbaker>,50,5,,,
buy,<minecolonies:blockhutblacksmith>,50,5,,,
buy,<minecolonies:blockhutfarmer>,100,5,,,
buy,<minecolonies:blockhutfield>,100,5,,,
buy,<minecolonies:blockhutfisherman>,100,5,,,
buy,<minecolonies:blockhutlumberjack>,100,5,,,
buy,<minecolonies:blockhutshepherd>,75,5,,,
buy,<minecolonies:blockhutcowboy>,75,5,,,
buy,<minecolonies:blockhutswineherder>,75,5,,,
buy,<minecolonies:blockhutchickenherder>,75,5,,,
buy,<minecolonies:blockhutsawmill>,75,5,,,
buy,<minecolonies:blockhutstonesmeltery>,75,5,,,
buy,<minecolonies:blockhutstonemason>,75,5,,,
buy,<minecolonies:blockhutminer>,75,5,,,
buy,<minecolonies:blockhutcomposter>,75,5,,,
buy,<minecolonies:blockhutlibrary>,75,5,,,
buy,<minecolonies:blockhutenchanter>,75,5,,,
buy,<minecolonies:blockhutsmeltery>,75,5,,,
buy,<minecolonies:blockhutguardtower>,50,5,,,
buy,<minecolonies:blockhutbarrackstower>,50,5,,,
buy,<minecolonies:blockhutbarracks>,50,5,,,
buy,<minecolonies:blockhutarchery>,50,5,,,
buy,<minecolonies:blockhutcombatacademy>,50,5,,,